{"ip":0,"fr":60,"v":"5.1.20","assets":[],"layers":[{"ty":4,"nm":"tapa","ip":0,"st":0,"ind":12,"hix":10,"ks":{"o":{"a":0,"k":100},"or":{"a":0,"k":[0,0,0]},"a":{"a":0,"k":[58,28.5,0]},"p":{"s":true,"x":{"a":1,"k":[{"t":0,"s":[227],"e":[228.003],"i":{"x":[0.515],"y":[0.955]},"o":{"x":[0.455],"y":[0.03]}},{"t":24,"s":[228.003],"e":[226.655029296875],"i":{"x":[0.515],"y":[0.955]},"o":{"x":[0.455],"y":[0.03]}},{"t":32,"s":[226.655029296875],"e":[226.937],"i":{"x":[0.515],"y":[0.955]},"o":{"x":[0.455],"y":[0.03]}},{"t":39,"s":[226.937],"e":[227],"i":{"x":[0.515],"y":[0.955]},"o":{"x":[0.455],"y":[0.03]}},{"t":59,"s":[227],"e":[227],"i":{"x":[1],"y":[1]},"o":{"x":[0],"y":[0]}},{"t":73,"s":[227],"e":[226.655029296875],"i":{"x":[0.355],"y":[1]},"o":{"x":[0.215],"y":[0.61]}},{"t":84,"s":[226.655029296875],"e":[226.655029296875],"i":{"x":[1],"y":[1]},"o":{"x":[0],"y":[0]}},{"t":221,"s":[226.655029296875],"e":[227],"i":{"x":[0.44],"y":[1]},"o":{"x":[0.165],"y":[0.84]}},{"t":233,"s":[227],"e":[227],"i":{"x":[1],"y":[1]},"o":{"x":[0],"y":[0]}},{"t":239}]},"y":{"a":1,"k":[{"t":0,"s":[99.04848486328126],"e":[90.979],"i":{"x":[0.515],"y":[0.955]},"o":{"x":[0.455],"y":[0.03]}},{"t":24,"s":[90.979],"e":[84.434],"i":{"x":[0.515],"y":[0.955]},"o":{"x":[0.455],"y":[0.03]}},{"t":32,"s":[84.434],"e":[92.048],"i":{"x":[0.515],"y":[0.955]},"o":{"x":[0.455],"y":[0.03]}},{"t":39,"s":[92.048],"e":[99.04848486328126],"i":{"x":[0.515],"y":[0.955]},"o":{"x":[0.455],"y":[0.03]}},{"t":59,"s":[99.04848486328126],"e":[99.04848486328126],"i":{"x":[1],"y":[1]},"o":{"x":[0],"y":[0]}},{"t":73,"s":[99.04848486328126],"e":[176.28448486328125],"i":{"x":[0.355],"y":[1]},"o":{"x":[0.215],"y":[0.61]}},{"t":84,"s":[176.28448486328125],"e":[176.28448486328125],"i":{"x":[0.515],"y":[0.955]},"o":{"x":[0.455],"y":[0.03]}},{"t":91,"s":[176.28448486328125],"e":[175.583],"i":{"x":[0.515],"y":[0.955]},"o":{"x":[0.455],"y":[0.03]}},{"t":97,"s":[175.583],"e":[172.697],"i":{"x":[0.515],"y":[0.955]},"o":{"x":[0.455],"y":[0.03]}},{"t":105,"s":[172.697],"e":[176.28448486328125],"i":{"x":[0.515],"y":[0.955]},"o":{"x":[0.455],"y":[0.03]}},{"t":113,"s":[176.28448486328125],"e":[44],"i":{"x":[0.355],"y":[1]},"o":{"x":[0.215],"y":[0.61]}},{"t":164,"s":[44],"e":[44],"i":{"x":[1],"y":[1]},"o":{"x":[0],"y":[0]}},{"t":169,"s":[44],"e":[176.28448486328125],"i":{"x":[0.675],"y":[0.19]},"o":{"x":[0.55],"y":[0.055]}},{"t":200,"s":[176.28448486328125],"e":[176.28448486328125],"i":{"x":[1],"y":[1]},"o":{"x":[0],"y":[0]}},{"t":221,"s":[176.28448486328125],"e":[99.04848486328126],"i":{"x":[0.44],"y":[1]},"o":{"x":[0.165],"y":[0.84]}},{"t":233,"s":[99.04848486328126],"e":[99.04848486328126],"i":{"x":[1],"y":[1]},"o":{"x":[0],"y":[0]}},{"t":239}]}},"rx":{"a":0,"k":0},"ry":{"a":0,"k":0},"rz":{"a":1,"k":[{"t":0,"s":[0],"e":[-3.437746770784939],"i":{"x":[0.48],"y":[1.015]},"o":{"x":[0.985],"y":[0.105]}},{"t":9,"s":[-3.437746770784939],"e":[3.437746770784939],"i":{"x":[0.68],"y":[0.53]},"o":{"x":[0.55],"y":[0.085]}},{"t":15,"s":[3.437746770784939],"e":[-3.358734699084185],"i":{"x":[0.45],"y":[0.94]},"o":{"x":[0.25],"y":[0.46]}},{"t":20,"s":[-3.358734699084185],"e":[4.256405565880377],"i":{"x":[0.515],"y":[0.955]},"o":{"x":[0.455],"y":[0.03]}},{"t":24,"s":[4.256405565880377],"e":[-4.1963391705346735],"i":{"x":[0.515],"y":[0.955]},"o":{"x":[0.455],"y":[0.03]}},{"t":27,"s":[-4.1963391705346735],"e":[4.06174519855017],"i":{"x":[0.515],"y":[0.955]},"o":{"x":[0.455],"y":[0.03]}},{"t":30,"s":[4.06174519855017],"e":[-3.934815661095478],"i":{"x":[0.515],"y":[0.955]},"o":{"x":[0.455],"y":[0.03]}},{"t":33,"s":[-3.934815661095478],"e":[0],"i":{"x":[0.515],"y":[0.955]},"o":{"x":[0.455],"y":[0.03]}},{"t":59,"s":[0],"e":[0],"i":{"x":[1],"y":[1]},"o":{"x":[0],"y":[0]}},{"t":73,"s":[0],"e":[0],"i":{"x":[0.355],"y":[1]},"o":{"x":[0.215],"y":[0.61]}},{"t":84,"s":[0],"e":[0],"i":{"x":[0.515],"y":[0.955]},"o":{"x":[0.455],"y":[0.03]}},{"t":89,"s":[0],"e":[3.437746770784939],"i":{"x":[0.68],"y":[0.53]},"o":{"x":[0.55],"y":[0.085]}},{"t":94,"s":[3.437746770784939],"e":[-7.219268218648373],"i":{"x":[0.45],"y":[0.94]},"o":{"x":[0.25],"y":[0.46]}},{"t":100,"s":[-7.219268218648373],"e":[7.448451336700702],"i":{"x":[0.68],"y":[0.53]},"o":{"x":[0.55],"y":[0.085]}},{"t":106,"s":[7.448451336700702],"e":[-9.167324722093172],"i":{"x":[0.45],"y":[0.94]},"o":{"x":[0.25],"y":[0.46]}},{"t":112,"s":[-9.167324722093172],"e":[4.583662361046586],"i":{"x":[0.68],"y":[0.53]},"o":{"x":[0.55],"y":[0.085]}},{"t":117,"s":[4.583662361046586],"e":[0],"i":{"x":[0.68],"y":[0.53]},"o":{"x":[0.55],"y":[0.085]}},{"t":123,"s":[0],"e":[-30.939720937064454],"i":{"x":[0.515],"y":[0.955]},"o":{"x":[0.455],"y":[0.03]}},{"t":130,"s":[-30.939720937064454],"e":[1.3178029288008932],"i":{"x":[0.515],"y":[0.955]},"o":{"x":[0.455],"y":[0.03]}},{"t":198,"s":[1.3178029288008932],"e":[1.3178029288008932],"i":{"x":[1],"y":[1]},"o":{"x":[0],"y":[0]}},{"t":221,"s":[1.3178029288008932],"e":[0],"i":{"x":[0.44],"y":[1]},"o":{"x":[0.165],"y":[0.84]}},{"t":233,"s":[0],"e":[0],"i":{"x":[1],"y":[1]},"o":{"x":[0],"y":[0]}},{"t":239}]},"s":{"a":1,"k":[{"t":0,"s":[201.9,193.4],"e":[201.9,193.4],"i":{"x":[1,1],"y":[1,1]},"o":{"x":[0,0],"y":[0,0]}},{"t":73,"s":[201.9,193.4],"e":[104.5,100],"i":{"x":[0.355,0.355],"y":[1,1]},"o":{"x":[0.215,0.215],"y":[0.61,0.61]}},{"t":84,"s":[104.5,100],"e":[104.5,100],"i":{"x":[1,0.515],"y":[1,0.955]},"o":{"x":[0,0.455],"y":[0,0.03]}},{"t":221,"s":[104.5,100],"e":[201.9,193.4],"i":{"x":[0.44,0.44],"y":[1,1]},"o":{"x":[0.165,0.165],"y":[0.84,0.84]}},{"t":233,"s":[201.9,193.4],"e":[201.9,193.4],"i":{"x":[1,0.515],"y":[1,0.955]},"o":{"x":[0,0.455],"y":[0,0.03]}},{"t":239}]}},"shapes":[{"ty":"gr","nm":"tapa shape group","it":[{"ty":"sh","ks":{"a":0,"k":{"c":true,"v":[[52.4944862,20.4818561],[60.5713701,20.4530281],[60.6058907,57.7126084],[58.968111,56.9587563],[57.0930329,60.8848877],[54.7285819,57.7126084],[52.5920901,61.0681287]],"i":[[0,0],[0,0],[0,0],[0.23169329999999633,-0.32814809999999994],[1.6059016000000028,-1.1838084999999978],[1.2501997999999972,0],[0.5908613000000003,-2.2370136000000045]],"o":[[0,0],[0,0],[-0.8601598000000052,-0.8307161999999977],[-0.7156080999999972,1.013518100000006],[-1.6059015999999957,1.1838083999999967],[-0.8334666000000013,0],[0,0]]}}},{"ty":"st","o":{"a":0,"k":0},"w":{"a":0,"k":0},"c":{"a":0,"k":[0,0,0,0]},"lc":3,"lj":1,"ml":1},{"ty":"fl","o":{"a":0,"k":100},"r":2,"c":{"a":0,"k":[0.996078431372549,0.792156862745098,0.07450980392156863,1]}},{"ty":"tr","o":{"a":0,"k":100},"a":{"a":0,"k":[0,0]},"s":{"a":0,"k":[100,100]},"p":{"a":0,"k":[0.906,-4.147]},"r":{"a":0,"k":0}}]},{"ty":"gr","nm":"tapa shape group","it":[{"ty":"sh","ks":{"a":0,"k":{"c":true,"v":[[3.16684515,20.8991222],[111.362935,20.8991222],[114.362935,23.8991222],[114.362651,23.9404356],[114.12798,40.9795839],[111.128265,43.9382705],[2.93217472,43.9382705],[-0.0678252806,40.9382705],[-0.0675408014,40.8969571],[0.167129634,23.8578089]],"i":[[-1.6407427799999998,0],[0,0],[0,-1.6568542000000015],[0.00018900000000598993,-0.013770300000000901],[0,0],[1.640742000000003,0],[0,0],[0,1.6568542999999991],[-0.00018965049999999928,0.013770299999997349],[0,0]],"o":[[0,0],[1.6568540000000098,0],[0,0.01377159999999833],[0,0],[-0.02259499999999548,1.6405871999999988],[0,0],[-1.6568542499999999,0],[0,-0.01377159999999833],[0,0],[0.02259486799999999,-1.6405871999999988]]}}},{"ty":"st","o":{"a":0,"k":0},"w":{"a":0,"k":0},"c":{"a":0,"k":[0,0,0,0]},"lc":3,"lj":1,"ml":1},{"ty":"fl","o":{"a":0,"k":100},"r":2,"c":{"a":0,"k":[0.996078431372549,0.2627450980392157,0.5098039215686274,1]}},{"ty":"tr","o":{"a":0,"k":100},"a":{"a":0,"k":[0,0]},"s":{"a":0,"k":[100,100]},"p":{"a":0,"k":[0.906,-4.147]},"r":{"a":0,"k":0}}]},{"ty":"gr","nm":"tapa shape group","it":[{"ty":"sh","ks":{"a":0,"k":{"c":true,"v":[[52.5142432,13.0016989],[85.3829294,13.0016989],[93.9744296,21.593199],[93.9390511,22.3720812],[93.9144976,22.6418038],[83.9589325,32.1943044],[52.6172609,33.7458846],[42.0076332,24.1371727],[41.9952531,23.6367148],[41.9952531,23.5206889]],"i":[[-5.809477800000003,0],[0,0],[0,-4.744954499999999],[0.023573499999997694,-0.2589581999999986],[0,0],[5.234961400000003,-0.25915859999999924],[0,0],[0.27639529999999723,5.5831403],[0,0.16689579999999893],[0,0]],"o":[[0,0],[4.744954500000006,0],[0,0.26002900000000295],[0,0],[-0.4751686000000035,5.2197891999999975],[0,0],[-5.583140299999997,0.27639530000000434],[-0.008252099999999984,-0.16669170000000122],[0,0],[0,-5.8094778]]}}},{"ty":"sh","ks":{"a":0,"k":{"c":true,"v":[[55.1031595,17.7283726],[49.1948173,23.6367148],[55.1031595,29.545057],[81.6841508,29.545057],[87.592493,23.6367148],[81.6841508,17.7283726]],"i":[[0,0],[0,-3.2630872999999987],[-3.263087299999995,0],[0,0],[0,3.2630872999999987],[3.2630873000000093,0]],"o":[[-3.263087299999995,0],[0,3.2630872999999987],[0,0],[3.2630873000000093,0],[0,-3.2630872999999987],[0,0]]}}},{"ty":"st","o":{"a":0,"k":0},"w":{"a":0,"k":0},"c":{"a":0,"k":[0,0,0,0]},"lc":3,"lj":1,"ml":1},{"ty":"fl","o":{"a":0,"k":100},"r":2,"c":{"a":0,"k":[0.996078431372549,0.792156862745098,0.07450980392156863,1]}},{"ty":"tr","o":{"a":0,"k":100},"a":{"a":0,"k":[0,0]},"s":{"a":0,"k":[100,-100]},"p":{"a":0,"k":[112.455,-38.251]},"r":{"a":0,"k":145.98964619933375}}]},{"ty":"gr","nm":"tapa shape group","it":[{"ty":"sh","ks":{"a":0,"k":{"c":true,"v":[[29.7259785,13.0561125],[62.5946647,13.0561125],[71.1861649,21.6476127],[71.1507864,22.4264949],[71.1262329,22.6962174],[61.1706678,32.2487181],[29.8289962,33.8002983],[19.2193685,24.1915864],[19.2069884,23.6911285],[19.2069884,23.5751026]],"i":[[-5.8094778,0],[0,0],[0,-4.744954499999999],[0.023573499999997694,-0.2589583000000033],[0,0],[5.23496140000001,-0.25915859999999924],[0,0],[0.27639529999999723,5.5831403],[0,0.16689579999999893],[0,0]],"o":[[0,0],[4.744954499999999,0],[0,0.2600289999999994],[0,0],[-0.4751686000000035,5.219789200000001],[0,0],[-5.5831403,0.27639519999999607],[-0.008252200000001153,-0.16669169999999767],[0,0],[0,-5.8094778]]}}},{"ty":"sh","ks":{"a":0,"k":{"c":true,"v":[[32.3148948,17.7827863],[26.4065526,23.6911285],[32.3148948,29.5994706],[58.8958861,29.5994706],[64.8042283,23.6911285],[58.8958861,17.7827863]],"i":[[0,0],[0,-3.2630873000000022],[-3.2630872999999987,0],[0,0],[0,3.2630871999999975],[3.2630873000000022,0]],"o":[[-3.2630872999999987,0],[0,3.2630871999999975],[0,0],[3.2630873000000022,0],[0,-3.2630873000000022],[0,0]]}}},{"ty":"st","o":{"a":0,"k":0},"w":{"a":0,"k":0},"c":{"a":0,"k":[0,0,0,0]},"lc":3,"lj":1,"ml":1},{"ty":"fl","o":{"a":0,"k":100},"r":2,"c":{"a":0,"k":[0.996078431372549,0.792156862745098,0.07450980392156863,1]}},{"ty":"tr","o":{"a":0,"k":100},"a":{"a":0,"k":[0,0]},"s":{"a":0,"k":[100,100]},"p":{"a":0,"k":[21.849,-25.497]},"r":{"a":0,"k":33.976397251257815}}]}],"op":239},{"ty":4,"nm":"caja","ip":0,"st":0,"ind":11,"hix":11,"ks":{"o":{"a":0,"k":100},"or":{"a":0,"k":[0,0,0]},"a":{"a":0,"k":[55.5,36,0]},"p":{"s":true,"x":{"a":1,"k":[{"t":0,"s":[226.4990234375],"e":[226.4990234375],"i":{"x":[1],"y":[1]},"o":{"x":[0],"y":[0]}},{"t":59,"s":[226.4990234375],"e":[225.49900045391848],"i":{"x":[0.515],"y":[0.955]},"o":{"x":[0.455],"y":[0.03]}},{"t":63,"s":[225.49900045391848],"e":[226.4990234375],"i":{"x":[0.675],"y":[0.19]},"o":{"x":[0.55],"y":[0.055]}},{"t":73,"s":[226.4990234375],"e":[226.655029296875],"i":{"x":[0.355],"y":[1]},"o":{"x":[0.215],"y":[0.61]}},{"t":89,"s":[226.655029296875],"e":[226.655029296875],"i":{"x":[1],"y":[1]},"o":{"x":[0],"y":[0]}},{"t":221,"s":[226.655029296875],"e":[226.5],"i":{"x":[0.45],"y":[0.94]},"o":{"x":[0.25],"y":[0.46]}},{"t":232,"s":[226.5],"e":[226.5],"i":{"x":[1],"y":[1]},"o":{"x":[0],"y":[0]}},{"t":239}]},"y":{"a":1,"k":[{"t":0,"s":[184.43248486328127],"e":[184.43248486328127],"i":{"x":[1],"y":[1]},"o":{"x":[0],"y":[0]}},{"t":59,"s":[184.43248486328127],"e":[183.7840002944336],"i":{"x":[0.515],"y":[0.955]},"o":{"x":[0.455],"y":[0.03]}},{"t":63,"s":[183.7840002944336],"e":[184.43248486328127],"i":{"x":[0.675],"y":[0.19]},"o":{"x":[0.55],"y":[0.055]}},{"t":73,"s":[184.43248486328127],"e":[214.28448486328125],"i":{"x":[0.355],"y":[1]},"o":{"x":[0.215],"y":[0.61]}},{"t":89,"s":[214.28448486328125],"e":[213.90341186523438],"i":{"x":[0.515],"y":[0.955]},"o":{"x":[0.455],"y":[0.03]}},{"t":117,"s":[213.90341186523438],"e":[213.90341186523438],"i":{"x":[1],"y":[1]},"o":{"x":[0],"y":[0]}},{"t":221,"s":[213.90341186523438],"e":[184.432],"i":{"x":[0.45],"y":[0.94]},"o":{"x":[0.25],"y":[0.46]}},{"t":232,"s":[184.432],"e":[184.432],"i":{"x":[1],"y":[1]},"o":{"x":[0],"y":[0]}},{"t":239}]}},"rx":{"a":0,"k":0},"ry":{"a":0,"k":0},"rz":{"a":0,"k":0},"s":{"a":1,"k":[{"t":0,"s":[198.2,198.2],"e":[198.2,198.2],"i":{"x":[1,1],"y":[1,1]},"o":{"x":[0,0],"y":[0,0]}},{"t":59,"s":[198.2,198.2],"e":[214.4,214.4],"i":{"x":[0.515,0.515],"y":[0.955,0.955]},"o":{"x":[0.455,0.455],"y":[0.03,0.03]}},{"t":63,"s":[214.4,214.4],"e":[198.2,198.2],"i":{"x":[0.675,0.675],"y":[0.19,0.19]},"o":{"x":[0.55,0.55],"y":[0.055,0.055]}},{"t":73,"s":[198.2,198.2],"e":[100,100],"i":{"x":[0.355,0.355],"y":[1,1]},"o":{"x":[0.215,0.215],"y":[0.61,0.61]}},{"t":89,"s":[100,100],"e":[100,100],"i":{"x":[1,1],"y":[1,1]},"o":{"x":[0,0],"y":[0,0]}},{"t":221,"s":[100,100],"e":[198.2,198.2],"i":{"x":[0.45,0.45],"y":[0.94,0.94]},"o":{"x":[0.25,0.25],"y":[0.46,0.46]}},{"t":232,"s":[198.2,198.2],"e":[198.2,198.2],"i":{"x":[1,1],"y":[1,1]},"o":{"x":[0,0],"y":[0,0]}},{"t":239}]}},"shapes":[{"ty":"gr","nm":"caja shape group","it":[{"ty":"sh","ks":{"a":0,"k":{"c":true,"v":[[51.6028097,-22],[59.752742,-22],[59.4253621,87.6642215],[51.4689595,87.6642215]],"i":[[0,0],[0,0],[0,0],[0,0]],"o":[[0,0],[0,0],[0,0],[0,0]]}}},{"ty":"st","o":{"a":0,"k":0},"w":{"a":0,"k":0},"c":{"a":0,"k":[0,0,0,0]},"lc":3,"lj":1,"ml":1},{"ty":"fl","o":{"a":0,"k":100},"r":2,"c":{"a":0,"k":[0.996078431372549,0.792156862745098,0.07450980392156863,1]}},{"ty":"tr","o":{"a":0,"k":100},"a":{"a":0,"k":[0,0]},"s":{"a":0,"k":[100,100]},"p":{"a":0,"k":[22.678,88.353]},"r":{"a":0,"k":269.9777130656439}}]},{"ty":"gr","nm":"caja shape group","it":[{"ty":"sh","ks":{"a":0,"k":{"c":true,"v":[[51.2979104,0.058817099],[59.4817009,0.058817099],[59.4817009,70.9166858],[57.8062311,70.0576285],[55.3898056,71.6334943],[53.1299565,70.0576285],[51.2979104,71.6334943]],"i":[[0,0],[0,0],[0,0],[0.9076708999999994,0],[1.0549192000000005,0],[1.2767193000000034,0],[0.3702179000000001,-1.0505771999999922]],"o":[[0,0],[0,0],[-0.20930899999999752,-0.5727048999999909],[-1.361506299999995,0],[-1.5224929000000031,0],[-0.8511461999999952,0],[0,0]]}}},{"ty":"st","o":{"a":0,"k":0},"w":{"a":0,"k":0},"c":{"a":0,"k":[0,0,0,0]},"lc":3,"lj":1,"ml":1},{"ty":"fl","o":{"a":0,"k":100},"r":2,"c":{"a":0,"k":[0.996078431372549,0.792156862745098,0.07450980392156863,1]}},{"ty":"tr","o":{"a":0,"k":100},"a":{"a":0,"k":[0,0]},"s":{"a":0,"k":[100,100]},"p":{"a":0,"k":[110.679,71.602]},"r":{"a":0,"k":180.02333923010465}}]},{"ty":"gr","nm":"caja shape group","it":[{"ty":"sh","ks":{"a":0,"k":{"c":true,"v":[[2,1.9517367],[109.442962,1.9517367],[110.442962,2.9517367],[110.442962,66.9962673],[105.442962,71.9962673],[6,71.9962673],[1,66.9962673],[1,2.9517367]],"i":[[-0.5522847500000001,0],[0,0],[0,-0.5522847500000001],[0,0],[2.7614230000000077,0],[0,0],[0,2.761423800000003],[0,0]],"o":[[0,0],[0.5522840000000002,0],[0,0],[0,2.761423800000003],[0,0],[-2.76142375,0],[0,0],[0,-0.5522847500000001]]}}},{"ty":"st","o":{"a":0,"k":0},"w":{"a":0,"k":0},"c":{"a":0,"k":[0,0,0,0]},"lc":3,"lj":1,"ml":1},{"ty":"fl","o":{"a":0,"k":100},"r":2,"c":{"a":0,"k":[0.9607843137254902,0.19607843137254902,0.4549019607843137,1]}},{"ty":"tr","o":{"a":0,"k":100},"a":{"a":0,"k":[0,0]},"s":{"a":0,"k":[100,100]},"p":{"a":0,"k":[-0.101,-0.09]},"r":{"a":0,"k":0}}]}],"op":239},{"ty":4,"nm":"cicle","ip":0,"st":0,"ind":10,"hix":3,"ks":{"o":{"a":1,"k":[{"t":0,"s":[100],"e":[100],"i":{"x":[1],"y":[1]},"o":{"x":[0],"y":[0]}},{"t":4,"s":[100],"e":[100],"i":{"x":[0.515],"y":[0.955]},"o":{"x":[0.455],"y":[0.03]}},{"t":145,"s":[100],"e":[0],"i":{"x":[0.355],"y":[1]},"o":{"x":[0.215],"y":[0.61]}},{"t":169}]},"or":{"a":0,"k":[0,0,0]},"a":{"a":0,"k":[5,5,0]},"p":{"s":true,"x":{"a":1,"k":[{"t":0,"s":[252],"e":[252],"i":{"x":[1],"y":[1]},"o":{"x":[0],"y":[0]}},{"t":70,"s":[252],"e":[247],"i":{"x":[0.515],"y":[0.955]},"o":{"x":[0.455],"y":[0.03]}},{"t":114,"s":[247],"e":[297],"i":{"x":[0.44],"y":[1]},"o":{"x":[0.165],"y":[0.84]}},{"t":137,"s":[297],"e":[302],"i":{"x":[0.685],"y":[0.22]},"o":{"x":[0.895],"y":[0.03]}},{"t":169}]},"y":{"a":1,"k":[{"t":0,"s":[221],"e":[221],"i":{"x":[1],"y":[1]},"o":{"x":[0],"y":[0]}},{"t":70,"s":[221],"e":[237],"i":{"x":[0.515],"y":[0.955]},"o":{"x":[0.455],"y":[0.03]}},{"t":114,"s":[237],"e":[53],"i":{"x":[0.44],"y":[1]},"o":{"x":[0.165],"y":[0.84]}},{"t":137,"s":[53],"e":[217],"i":{"x":[0.685],"y":[0.22]},"o":{"x":[0.895],"y":[0.03]}},{"t":169}]}},"rx":{"a":0,"k":0},"ry":{"a":0,"k":0},"rz":{"a":0,"k":0},"s":{"a":0,"k":[100,100,100]}},"shapes":[{"ty":"gr","nm":"cicle shape group","it":[{"ty":"sh","ks":{"a":0,"k":{"c":true,"v":[[159.779112,126.495645],[155.268379,122.039323],[159.779112,117.583001],[164.289844,122.039323]],"i":[[2.4912080000000003,0],[0,2.461159000000009],[-2.491208999999998,0],[0,-2.461158999999995]],"o":[[-2.491208999999998,0],[0,-2.461158999999995],[2.4912080000000003,0],[0,2.461159000000009]]}}},{"ty":"sh","ks":{"a":0,"k":{"c":true,"v":[[159.820995,125.052247],[162.978508,121.932822],[159.820995,118.813396],[156.663482,121.932822]],"i":[[-1.743846000000019,0],[0,1.722810999999993],[1.7438459999999907,0],[0,-1.7228110000000072]],"o":[[1.7438459999999907,0],[0,-1.7228110000000072],[-1.743846000000019,0],[0,1.722810999999993]]}}},{"ty":"st","o":{"a":0,"k":0},"w":{"a":0,"k":0},"c":{"a":0,"k":[0,0,0,0]},"lc":3,"lj":1,"ml":1},{"ty":"fl","o":{"a":0,"k":100},"r":2,"c":{"a":0,"k":[0.5490196078431373,0.3333333333333333,0.9098039215686274,1]}},{"ty":"tr","o":{"a":0,"k":100},"a":{"a":0,"k":[0,0]},"s":{"a":0,"k":[100,100]},"p":{"a":0,"k":[199.541,54.946]},"r":{"a":0,"k":156.99043586584557}}]}],"op":239},{"ty":4,"nm":"circle","ip":0,"st":0,"ind":9,"hix":6,"ks":{"o":{"a":1,"k":[{"t":0,"s":[100],"e":[100],"i":{"x":[1],"y":[1]},"o":{"x":[0],"y":[0]}},{"t":70,"s":[100],"e":[100],"i":{"x":[1],"y":[1]},"o":{"x":[0],"y":[0]}},{"t":151,"s":[100],"e":[0],"i":{"x":[0.515],"y":[0.955]},"o":{"x":[0.455],"y":[0.03]}},{"t":186}]},"or":{"a":0,"k":[0,0,0]},"a":{"a":0,"k":[7,7,0]},"p":{"s":true,"x":{"a":1,"k":[{"t":0,"s":[186],"e":[186],"i":{"x":[1],"y":[1]},"o":{"x":[0],"y":[0]}},{"t":70,"s":[186],"e":[211],"i":{"x":[0.515],"y":[0.955]},"o":{"x":[0.455],"y":[0.03]}},{"t":126,"s":[211],"e":[81],"i":{"x":[0.295],"y":[0.94]},"o":{"x":[0.15],"y":[0.85]}},{"t":150,"s":[81],"e":[74],"i":{"x":[0.885],"y":[0.36]},"o":{"x":[0.65],"y":[0.09]}},{"t":189}]},"y":{"a":1,"k":[{"t":0,"s":[243],"e":[243],"i":{"x":[1],"y":[1]},"o":{"x":[0],"y":[0]}},{"t":70,"s":[243],"e":[193],"i":{"x":[0.515],"y":[0.955]},"o":{"x":[0.455],"y":[0.03]}},{"t":126,"s":[193],"e":[133],"i":{"x":[0.29],"y":[0.915]},"o":{"x":[0.105],"y":[0.795]}},{"t":150,"s":[133],"e":[193],"i":{"x":[0.89],"y":[0.32]},"o":{"x":[0.735],"y":[0.095]}},{"t":189}]}},"rx":{"a":0,"k":0},"ry":{"a":0,"k":0},"rz":{"a":0,"k":0},"s":{"a":0,"k":[100,100]}},"shapes":[{"ty":"gr","nm":"circle shape group","it":[{"ty":"sh","ks":{"a":0,"k":{"c":true,"v":[[257.779112,115.447395],[251.268379,109.015198],[257.779112,102.583001],[264.289844,109.015198]],"i":[[3.5957779999999957,0],[0,3.5524039999999957],[-3.595778999999993,0],[0,-3.5524039999999957]],"o":[[-3.595778999999993,0],[0,-3.5524039999999957],[3.5957779999999957,0],[0,3.5524039999999957]]}}},{"ty":"sh","ks":{"a":0,"k":{"c":true,"v":[[257.839565,113.364014],[262.397078,108.861476],[257.839565,104.358938],[253.282052,108.861476]],"i":[[-2.517044999999996,0],[0,2.4866829999999993],[2.517044999999996,0],[0,-2.4866829999999993]],"o":[[2.517044999999996,0],[0,-2.4866829999999993],[-2.517044999999996,0],[0,2.4866829999999993]]}}},{"ty":"st","o":{"a":0,"k":0},"w":{"a":0,"k":0},"c":{"a":0,"k":[0,0,0,0]},"lc":3,"lj":1,"ml":1},{"ty":"fl","o":{"a":0,"k":100},"r":2,"c":{"a":0,"k":[0.5490196078431373,0.3333333333333333,0.9098039215686274,1]}},{"ty":"tr","o":{"a":0,"k":100},"a":{"a":0,"k":[0,0]},"s":{"a":0,"k":[100,100]},"p":{"a":0,"k":[286.662,6.642]},"r":{"a":0,"k":156.99043586584557}}]}],"op":239},{"ty":4,"nm":"cicle","ip":0,"st":0,"ind":8,"hix":7,"ks":{"o":{"a":1,"k":[{"t":0,"s":[100],"e":[100],"i":{"x":[1],"y":[1]},"o":{"x":[0],"y":[0]}},{"t":70,"s":[100],"e":[100],"i":{"x":[1],"y":[1]},"o":{"x":[0],"y":[0]}},{"t":149,"s":[100],"e":[100],"i":{"x":[0.515],"y":[0.955]},"o":{"x":[0.455],"y":[0.03]}},{"t":164,"s":[100],"e":[0],"i":{"x":[0.515],"y":[0.955]},"o":{"x":[0.455],"y":[0.03]}},{"t":174}]},"or":{"a":0,"k":[0,0,0]},"a":{"a":0,"k":[5,5,0]},"p":{"s":true,"x":{"a":1,"k":[{"t":0,"s":[192],"e":[192],"i":{"x":[1],"y":[1]},"o":{"x":[0],"y":[0]}},{"t":70,"s":[192],"e":[192],"i":{"x":[0.515],"y":[0.955]},"o":{"x":[0.455],"y":[0.03]}},{"t":116,"s":[192],"e":[86.234],"i":{"x":[0.44],"y":[1]},"o":{"x":[0.165],"y":[0.84]}},{"t":149,"s":[86.234],"e":[81.23400000000001],"i":{"x":[0.685],"y":[0.22]},"o":{"x":[0.895],"y":[0.03]}},{"t":174}]},"y":{"a":1,"k":[{"t":0,"s":[236.5],"e":[236.5],"i":{"x":[1],"y":[1]},"o":{"x":[0],"y":[0]}},{"t":70,"s":[236.5],"e":[236.5],"i":{"x":[0.515],"y":[0.955]},"o":{"x":[0.455],"y":[0.03]}},{"t":116,"s":[236.5],"e":[60.5],"i":{"x":[0.305],"y":[0.95]},"o":{"x":[0.1],"y":[0.83]}},{"t":149,"s":[60.5],"e":[175.5],"i":{"x":[0.675],"y":[0.19]},"o":{"x":[0.55],"y":[0.055]}},{"t":174}]}},"rx":{"a":0,"k":0},"ry":{"a":0,"k":0},"rz":{"a":0,"k":0},"s":{"a":0,"k":[100,100,100]}},"shapes":[{"ty":"gr","nm":"cicle shape group","it":[{"ty":"sh","ks":{"a":0,"k":{"c":true,"v":[[159.779112,126.495645],[155.268379,122.039323],[159.779112,117.583001],[164.289844,122.039323]],"i":[[2.4912080000000003,0],[0,2.461159000000009],[-2.491208999999998,0],[0,-2.461158999999995]],"o":[[-2.491208999999998,0],[0,-2.461158999999995],[2.4912080000000003,0],[0,2.461159000000009]]}}},{"ty":"sh","ks":{"a":0,"k":{"c":true,"v":[[159.820995,125.052247],[162.978508,121.932822],[159.820995,118.813396],[156.663482,121.932822]],"i":[[-1.743846000000019,0],[0,1.722810999999993],[1.7438459999999907,0],[0,-1.7228110000000072]],"o":[[1.7438459999999907,0],[0,-1.7228110000000072],[-1.743846000000019,0],[0,1.722810999999993]]}}},{"ty":"st","o":{"a":0,"k":0},"w":{"a":0,"k":0},"c":{"a":0,"k":[0,0,0,0]},"lc":3,"lj":1,"ml":1},{"ty":"fl","o":{"a":0,"k":100},"r":2,"c":{"a":0,"k":[0.5490196078431373,0.3333333333333333,0.9098039215686274,1]}},{"ty":"tr","o":{"a":0,"k":100},"a":{"a":0,"k":[0,0]},"s":{"a":0,"k":[100,100]},"p":{"a":0,"k":[199.541,54.946]},"r":{"a":0,"k":156.99043586584557}}]}],"op":239},{"ty":4,"nm":"circle","ip":0,"st":0,"ind":7,"hix":5,"ks":{"o":{"a":1,"k":[{"t":0,"s":[100],"e":[100],"i":{"x":[1],"y":[1]},"o":{"x":[0],"y":[0]}},{"t":70,"s":[100],"e":[100],"i":{"x":[1],"y":[1]},"o":{"x":[0],"y":[0]}},{"t":117,"s":[100],"e":[100],"i":{"x":[1],"y":[1]},"o":{"x":[0],"y":[0]}},{"t":151,"s":[100],"e":[0],"i":{"x":[0.515],"y":[0.955]},"o":{"x":[0.455],"y":[0.03]}},{"t":183}]},"or":{"a":0,"k":[0,0,0]},"a":{"a":0,"k":[7,7,0]},"p":{"s":true,"x":{"a":1,"k":[{"t":0,"s":[237.18100006971832],"e":[237.18100006971832],"i":{"x":[1],"y":[1]},"o":{"x":[0],"y":[0]}},{"t":70,"s":[237.18100006971832],"e":[237.18100006971832],"i":{"x":[0.515],"y":[0.955]},"o":{"x":[0.455],"y":[0.03]}},{"t":125,"s":[237.18100006971832],"e":[382.5],"i":{"x":[0.44],"y":[1]},"o":{"x":[0.165],"y":[0.84]}},{"t":151,"s":[382.5],"e":[417.608],"i":{"x":[0.685],"y":[0.22]},"o":{"x":[0.895],"y":[0.03]}},{"t":183}]},"y":{"a":1,"k":[{"t":0,"s":[198.501],"e":[198.501],"i":{"x":[1],"y":[1]},"o":{"x":[0],"y":[0]}},{"t":117,"s":[198.501],"e":[198.501],"i":{"x":[0.515],"y":[0.955]},"o":{"x":[0.455],"y":[0.03]}},{"t":125,"s":[198.501],"e":[101.999],"i":{"x":[0.44],"y":[1]},"o":{"x":[0.165],"y":[0.84]}},{"t":151,"s":[101.999],"e":[299],"i":{"x":[0.685],"y":[0.22]},"o":{"x":[0.895],"y":[0.03]}},{"t":183}]}},"rx":{"a":0,"k":0},"ry":{"a":0,"k":0},"rz":{"a":0,"k":0},"s":{"a":1,"k":[{"t":0,"s":[152.6,150],"e":[152.6,150],"i":{"x":[1,1],"y":[1,1]},"o":{"x":[0,0],"y":[0,0]}},{"t":70,"s":[152.6,150],"e":[152.6,150],"i":{"x":[1,1],"y":[1,1]},"o":{"x":[0,0],"y":[0,0]}},{"t":117}]}},"shapes":[{"ty":"gr","nm":"circle shape group","it":[{"ty":"sh","ks":{"a":0,"k":{"c":true,"v":[[257.779112,115.447395],[251.268379,109.015198],[257.779112,102.583001],[264.289844,109.015198]],"i":[[3.5957779999999957,0],[0,3.5524039999999957],[-3.595778999999993,0],[0,-3.5524039999999957]],"o":[[-3.595778999999993,0],[0,-3.5524039999999957],[3.5957779999999957,0],[0,3.5524039999999957]]}}},{"ty":"sh","ks":{"a":0,"k":{"c":true,"v":[[257.839565,113.364014],[262.397078,108.861476],[257.839565,104.358938],[253.282052,108.861476]],"i":[[-2.517044999999996,0],[0,2.4866829999999993],[2.517044999999996,0],[0,-2.4866829999999993]],"o":[[2.517044999999996,0],[0,-2.4866829999999993],[-2.517044999999996,0],[0,2.4866829999999993]]}}},{"ty":"st","o":{"a":0,"k":0},"w":{"a":0,"k":0},"c":{"a":0,"k":[0,0,0,0]},"lc":3,"lj":1,"ml":1},{"ty":"fl","o":{"a":0,"k":100},"r":2,"c":{"a":0,"k":[0.5490196078431373,0.3333333333333333,0.9098039215686274,1]}},{"ty":"tr","o":{"a":0,"k":100},"a":{"a":0,"k":[0,0]},"s":{"a":0,"k":[100,100]},"p":{"a":0,"k":[286.662,6.642]},"r":{"a":0,"k":156.99043586584557}}]}],"op":239},{"ty":4,"nm":"StarRight1","ip":0,"st":0,"ind":6,"hix":4,"ks":{"o":{"a":1,"k":[{"t":0,"s":[100],"e":[100],"i":{"x":[1],"y":[1]},"o":{"x":[0],"y":[0]}},{"t":70,"s":[100],"e":[100],"i":{"x":[0.515],"y":[0.955]},"o":{"x":[0.455],"y":[0.03]}},{"t":139,"s":[100],"e":[0],"i":{"x":[0.515],"y":[0.955]},"o":{"x":[0.455],"y":[0.03]}},{"t":154}]},"or":{"a":0,"k":[0,0,0]},"a":{"a":0,"k":[11,10.5,0]},"p":{"s":true,"x":{"a":1,"k":[{"t":0,"s":[248],"e":[248],"i":{"x":[1],"y":[1]},"o":{"x":[0],"y":[0]}},{"t":70,"s":[248],"e":[238],"i":{"x":[0.515],"y":[0.955]},"o":{"x":[0.455],"y":[0.03]}},{"t":117,"s":[238],"e":[352.872],"i":{"x":[0.355],"y":[1]},"o":{"x":[0.215],"y":[0.61]}},{"t":139}]},"y":{"a":1,"k":[{"t":0,"s":[245],"e":[245],"i":{"x":[1],"y":[1]},"o":{"x":[0],"y":[0]}},{"t":70,"s":[245],"e":[195],"i":{"x":[0.515],"y":[0.955]},"o":{"x":[0.455],"y":[0.03]}},{"t":117,"s":[195],"e":[63.353363037109375],"i":{"x":[0.355],"y":[1]},"o":{"x":[0.215],"y":[0.61]}},{"t":139}]}},"rx":{"a":0,"k":0},"ry":{"a":0,"k":0},"rz":{"a":1,"k":[{"t":0,"s":[0],"e":[0],"i":{"x":[1],"y":[1]},"o":{"x":[0],"y":[0]}},{"t":70,"s":[0],"e":[0],"i":{"x":[0.515],"y":[0.955]},"o":{"x":[0.455],"y":[0.03]}},{"t":117,"s":[0],"e":[120.32113697747288],"i":{"x":[0.515],"y":[0.955]},"o":{"x":[0.455],"y":[0.03]}},{"t":139}]},"s":{"a":0,"k":[100,100,100]}},"shapes":[{"ty":"gr","nm":"StarRight1 shape group","it":[{"ty":"sh","ks":{"a":0,"k":{"c":true,"v":[[263.007175,77.3467124],[257.548769,80.2498218],[256.196301,79.8365048],[256.094735,79.191314],[257.176958,73.1246229],[252.793329,68.8465902],[252.776089,67.4324818],[253.340768,67.1423817],[259.466733,66.2066608],[262.238392,60.6446459],[263.579429,60.1956275],[264.032412,60.6526923],[266.712108,66.1532146],[272.781852,66.9926935],[273.635422,68.1202657],[273.343547,68.6986832],[268.900221,73.0381451],[269.900766,79.1356824],[269.075888,80.2844101],[268.451779,80.184391]],"i":[[0,0],[0,0],[0.2593400000000088,0.4876079999999945],[-0.039310999999997875,0.22036959999999794],[0,0],[0,0],[-0.38573400000001357,0.3952558999999951],[-0.21473900000000867,0.032800699999995686],[0,0],[0,0],[-0.4943099999999845,-0.2463243999999989],[-0.09651000000002341,-0.19810340000000082],[0,0],[0,0],[0.0756640000000175,-0.5470772000000039],[0.15878500000002305,-0.15507310000000984],[0,0],[0,0],[0.5449959999999692,-0.0894284999999968],[0.19175100000001066,0.09993889999999794]],"o":[[0,0],[-0.48760799999996607,0.2593392999999935],[-0.10511300000001711,-0.19763410000000192],[0,0],[0,0],[-0.39525599999998917,-0.38573459999999216],[0.15172099999998068,-0.15546580000000176],[0,0],[0,0],[0.24632400000001553,-0.49431040000000337],[0.19722999999999047,0.09828339999999969],[0,0],[0,0],[0.5470779999999991,0.07566380000000095],[-0.030407000000025164,0.2198537000000016],[0,0],[0,0],[0.08942900000005238,0.5449963000000082],[-0.21337900000003174,0.035013199999994526],[0,0]]}}},{"ty":"st","o":{"a":0,"k":0},"w":{"a":0,"k":0},"c":{"a":0,"k":[0,0,0,0]},"lc":3,"lj":1,"ml":1},{"ty":"fl","o":{"a":0,"k":100},"r":2,"c":{"a":0,"k":[0.996078431372549,0.792156862745098,0.07450980392156863,1]}},{"ty":"tr","o":{"a":0,"k":100},"a":{"a":0,"k":[0,0]},"s":{"a":0,"k":[100,-100]},"p":{"a":0,"k":[2.315,282.335]},"r":{"a":0,"k":286.9945595810294}}]}],"op":239},{"ty":4,"nm":"Star2","ip":0,"st":0,"ind":5,"hix":8,"ks":{"o":{"a":1,"k":[{"t":0,"s":[0],"e":[0],"i":{"x":[1],"y":[1]},"o":{"x":[0],"y":[0]}},{"t":70,"s":[0],"e":[0],"i":{"x":[0.515],"y":[0.955]},"o":{"x":[0.455],"y":[0.03]}},{"t":117,"s":[0],"e":[80],"i":{"x":[0.355],"y":[1]},"o":{"x":[0.215],"y":[0.61]}},{"t":126,"s":[80],"e":[100],"i":{"x":[0.515],"y":[0.955]},"o":{"x":[0.455],"y":[0.03]}},{"t":150,"s":[100],"e":[0],"i":{"x":[1],"y":[1]},"o":{"x":[0],"y":[0]}},{"t":161}]},"or":{"a":0,"k":[0,0,0]},"a":{"a":0,"k":[11,11,0]},"p":{"s":true,"x":{"a":1,"k":[{"t":0,"s":[198.5],"e":[198.5],"i":{"x":[1],"y":[1]},"o":{"x":[0],"y":[0]}},{"t":70,"s":[198.5],"e":[233.5],"i":{"x":[0.515],"y":[0.955]},"o":{"x":[0.455],"y":[0.03]}},{"t":117,"s":[233.5],"e":[29.750014040485837],"i":{"x":[0.355],"y":[1]},"o":{"x":[0.215],"y":[0.61]}},{"t":150}]},"y":{"a":1,"k":[{"t":0,"s":[217],"e":[217],"i":{"x":[1],"y":[1]},"o":{"x":[0],"y":[0]}},{"t":70,"s":[217],"e":[194],"i":{"x":[0.515],"y":[0.955]},"o":{"x":[0.455],"y":[0.03]}},{"t":117,"s":[194],"e":[129.775],"i":{"x":[0.355],"y":[1]},"o":{"x":[0.215],"y":[0.61]}},{"t":150,"s":[129.775],"e":[159.775],"i":{"x":[0.515],"y":[0.955]},"o":{"x":[0.455],"y":[0.03]}},{"t":161}]}},"rx":{"a":0,"k":0},"ry":{"a":0,"k":0},"rz":{"a":1,"k":[{"t":0,"s":[0],"e":[0],"i":{"x":[1],"y":[1]},"o":{"x":[0],"y":[0]}},{"t":70,"s":[0],"e":[0],"i":{"x":[1],"y":[1]},"o":{"x":[0],"y":[0]}},{"t":117,"s":[0],"e":[171.88733853924697],"i":{"x":[0.355],"y":[1]},"o":{"x":[0.215],"y":[0.61]}},{"t":150}]},"s":{"a":1,"k":[{"t":0,"s":[100,100],"e":[100,100],"i":{"x":[1,1],"y":[1,1]},"o":{"x":[0,0],"y":[0,0]}},{"t":70,"s":[100,100],"e":[100,100],"i":{"x":[1,1],"y":[1,1]},"o":{"x":[0,0],"y":[0,0]}},{"t":117,"s":[100,100],"e":[161.4,171.9],"i":{"x":[0.355,0.355],"y":[1,1]},"o":{"x":[0.215,0.215],"y":[0.61,0.61]}},{"t":150}]}},"shapes":[{"ty":"gr","nm":"Star2 shape group","it":[{"ty":"sh","ks":{"a":0,"k":{"c":true,"v":[[53.3614381,109.306999],[47.9030323,112.210108],[46.5505646,111.796791],[46.4489981,111.1516],[47.5312213,105.084909],[43.1475921,100.806877],[43.1303523,99.3927681],[43.6950311,99.102668],[49.8209957,98.1669472],[52.5926547,92.6049323],[53.9336925,92.1559139],[54.3866757,92.6129787],[57.066371,98.113501],[63.1361156,98.9529799],[63.9896851,100.080552],[63.69781,100.65897],[59.2544847,104.998431],[60.2550295,111.095969],[59.4301509,112.244696],[58.8060425,112.144677]],"i":[[0,0],[0,0],[0.2593393000000006,0.4876079999999945],[-0.03931120000000021,0.22037000000000262],[0,0],[0,0],[-0.38573459999999926,0.3952558999999951],[-0.2147392000000039,0.0328007000000099],[0,0],[0,0],[-0.4943103000000022,-0.246324400000006],[-0.0965102999999985,-0.198103500000002],[0,0],[0,0],[0.07566369999999267,-0.5470770999999957],[0.15878470000000533,-0.15507399999999905],[0,0],[0,0],[0.5449963000000011,-0.08942799999999806],[0.19175100000000356,0.099938999999992]],"o":[[0,0],[-0.4876079000000004,0.2593389999999971],[-0.10511379999999804,-0.19763399999999365],[0,0],[0,0],[-0.3952558999999951,-0.38573499999999683],[0.15172090000000082,-0.15546580000000176],[0,0],[0,0],[0.246324400000006,-0.49431040000000337],[0.19722980000000234,0.09828339999999969],[0,0],[0,0],[0.5470771000000028,0.07566369999999267],[-0.030407000000003848,0.219853999999998],[0,0],[0,0],[0.08942850000000391,0.5449959999999976],[-0.2133784000000034,0.035013999999989665],[0,0]]}}},{"ty":"st","o":{"a":0,"k":0},"w":{"a":0,"k":0},"c":{"a":0,"k":[0,0,0,0]},"lc":3,"lj":1,"ml":1},{"ty":"fl","o":{"a":0,"k":100},"r":2,"c":{"a":0,"k":[0.996078431372549,0.792156862745098,0.07450980392156863,1]}},{"ty":"tr","o":{"a":0,"k":100},"a":{"a":0,"k":[0,0]},"s":{"a":0,"k":[100,-100]},"p":{"a":0,"k":[127.632,6.36]},"r":{"a":0,"k":240.01202038030183}}]}],"op":239},{"ty":4,"nm":"Star1","ip":0,"st":0,"ind":4,"hix":2,"ks":{"o":{"a":1,"k":[{"t":0,"s":[100],"e":[100],"i":{"x":[1],"y":[1]},"o":{"x":[0],"y":[0]}},{"t":70,"s":[100],"e":[100],"i":{"x":[1],"y":[1]},"o":{"x":[0],"y":[0]}},{"t":92,"s":[100],"e":[100],"i":{"x":[0.515],"y":[0.955]},"o":{"x":[0.455],"y":[0.03]}},{"t":147,"s":[100],"e":[0],"i":{"x":[1],"y":[1]},"o":{"x":[0],"y":[0]}},{"t":161}]},"or":{"a":0,"k":[0,0,0]},"a":{"a":0,"k":[9,9,0]},"p":{"s":true,"x":{"a":1,"k":[{"t":0,"s":[233],"e":[233],"i":{"x":[1],"y":[1]},"o":{"x":[0],"y":[0]}},{"t":70,"s":[233],"e":[234.53599994346442],"i":{"x":[0.515],"y":[0.955]},"o":{"x":[0.455],"y":[0.03]}},{"t":118,"s":[234.53599994346442],"e":[331.2129996433815],"i":{"x":[0.515],"y":[0.955]},"o":{"x":[0.455],"y":[0.03]}},{"t":147,"s":[331.2129996433815],"e":[331.2129996433815],"i":{"x":[1],"y":[1]},"o":{"x":[0],"y":[0]}},{"t":161}]},"y":{"a":1,"k":[{"t":0,"s":[245],"e":[245],"i":{"x":[1],"y":[1]},"o":{"x":[0],"y":[0]}},{"t":70,"s":[245],"e":[200],"i":{"x":[0.515],"y":[0.955]},"o":{"x":[0.455],"y":[0.03]}},{"t":118,"s":[200],"e":[140.13099964338153],"i":{"x":[0.515],"y":[0.955]},"o":{"x":[0.455],"y":[0.03]}},{"t":147,"s":[140.13099964338153],"e":[140.13099964338153],"i":{"x":[1],"y":[1]},"o":{"x":[0],"y":[0]}},{"t":161}]}},"rx":{"a":0,"k":0},"ry":{"a":0,"k":0},"rz":{"a":1,"k":[{"t":0,"s":[0],"e":[0],"i":{"x":[1],"y":[1]},"o":{"x":[0],"y":[0]}},{"t":70,"s":[0],"e":[0],"i":{"x":[0.515],"y":[0.955]},"o":{"x":[0.455],"y":[0.03]}},{"t":118,"s":[0],"e":[129.48846169956605],"i":{"x":[0.515],"y":[0.955]},"o":{"x":[0.455],"y":[0.03]}},{"t":147}]},"s":{"a":1,"k":[{"t":0,"s":[100,100],"e":[100,100],"i":{"x":[1,1],"y":[1,1]},"o":{"x":[0,0],"y":[0,0]}},{"t":70,"s":[100,100],"e":[117.10000000000001,117.10000000000001],"i":{"x":[0.515,0.515],"y":[0.955,0.955]},"o":{"x":[0.455,0.455],"y":[0.03,0.03]}},{"t":118,"s":[117.10000000000001,117.10000000000001],"e":[168.3,168.3],"i":{"x":[0.515,0.515],"y":[0.955,0.955]},"o":{"x":[0.455,0.455],"y":[0.03,0.03]}},{"t":147}]}},"shapes":[{"ty":"gr","nm":"Star1 shape group","it":[{"ty":"sh","ks":{"a":0,"k":{"c":true,"v":[[87.2130155,80.7404226],[82.8436487,83.0727719],[81.4905594,82.6614942],[81.3880534,82.0162709],[82.2529207,77.1307848],[78.7296953,73.6767828],[78.715665,72.2626388],[79.2786786,71.9741732],[84.1966982,71.222564],[86.4144578,66.7482255],[87.7545358,66.2963506],[88.210043,66.7556302],[90.3581136,71.1807206],[95.2268848,71.8600784],[96.079095,72.9886783],[95.7889648,73.5643567],[92.2223003,77.0630807],[93.0282461,81.9797268],[92.2031795,83.1283194],[91.5772841,83.0272556]],"i":[[0,0],[0,0],[0.260074000000003,0.4872164999999882],[-0.03903200000000595,0.22048510000000476],[0,0],[0,0],[-0.3866306999999978,0.39437939999999116],[-0.21394229999999936,0.03269629999999779],[0,0],[0,0],[-0.49483419999999967,-0.24527050000000372],[-0.09676050000000203,-0.19932959999999866],[0,0],[0,0],[0.07632290000000808,-0.5469855999999993],[0.15760679999999638,-0.15460450000000492],[0,0],[0,0],[0.5450108999999941,-0.08933919999999773],[0.19214750000000436,0.10068330000000003]],"o":[[0,0],[-0.4872165000000024,0.2600740999999971],[-0.10544209999999055,-0.1975326000000024],[0,0],[0,0],[-0.39437949999999944,-0.3866306999999978],[0.15151079999999695,-0.15454720000001032],[0,0],[0,0],[0.24527050000000372,-0.4948341000000056],[0.19852480000000128,0.09840119999999786],[0,0],[0,0],[0.5469856000000135,0.07632289999999387],[-0.030510299999988888,0.2186585999999977],[0,0],[0,0],[0.0893392999999918,0.5450109000000083],[-0.21407109999999818,0.03509090000000015],[0,0]]}}},{"ty":"st","o":{"a":0,"k":0},"w":{"a":0,"k":0},"c":{"a":0,"k":[0,0,0,0]},"lc":3,"lj":1,"ml":1},{"ty":"fl","o":{"a":0,"k":100},"r":2,"c":{"a":0,"k":[0.996078431372549,0.792156862745098,0.07450980392156863,1]}},{"ty":"tr","o":{"a":0,"k":100},"a":{"a":0,"k":[0,0]},"s":{"a":0,"k":[100,-100]},"p":{"a":0,"k":[123.107,-7.429]},"r":{"a":0,"k":213.0257082296401}}]}],"op":239},{"ty":4,"nm":"Star2","ip":0,"st":0,"ind":3,"hix":9,"ks":{"o":{"a":1,"k":[{"t":0,"s":[0],"e":[0],"i":{"x":[1],"y":[1]},"o":{"x":[0],"y":[0]}},{"t":70,"s":[0],"e":[0],"i":{"x":[1],"y":[1]},"o":{"x":[0],"y":[0]}},{"t":118,"s":[0],"e":[80],"i":{"x":[0.355],"y":[1]},"o":{"x":[0.215],"y":[0.61]}},{"t":127,"s":[80],"e":[100],"i":{"x":[0.515],"y":[0.955]},"o":{"x":[0.455],"y":[0.03]}},{"t":151,"s":[100],"e":[0],"i":{"x":[1],"y":[1]},"o":{"x":[0],"y":[0]}},{"t":161}]},"or":{"a":0,"k":[0,0,0]},"a":{"a":0,"k":[11,11,0]},"p":{"s":true,"x":{"a":1,"k":[{"t":0,"s":[182.156005859375],"e":[183.5],"i":{"x":[0.515],"y":[0.955]},"o":{"x":[0.455],"y":[0.03]}},{"t":70,"s":[183.5],"e":[217.5],"i":{"x":[0.515],"y":[0.955]},"o":{"x":[0.455],"y":[0.03]}},{"t":118,"s":[217.5],"e":[40.25],"i":{"x":[0.355],"y":[1]},"o":{"x":[0.215],"y":[0.61]}},{"t":151}]},"y":{"a":1,"k":[{"t":0,"s":[227.78448486328125],"e":[227],"i":{"x":[0.515],"y":[0.955]},"o":{"x":[0.455],"y":[0.03]}},{"t":70,"s":[227],"e":[197],"i":{"x":[0.515],"y":[0.955]},"o":{"x":[0.455],"y":[0.03]}},{"t":118,"s":[197],"e":[59.275],"i":{"x":[0.355],"y":[1]},"o":{"x":[0.215],"y":[0.61]}},{"t":151,"s":[59.275],"e":[59.275],"i":{"x":[1],"y":[1]},"o":{"x":[0],"y":[0]}},{"t":161}]}},"rx":{"a":0,"k":0},"ry":{"a":0,"k":0},"rz":{"a":1,"k":[{"t":0,"s":[0],"e":[0],"i":{"x":[1],"y":[1]},"o":{"x":[0],"y":[0]}},{"t":70,"s":[0],"e":[0],"i":{"x":[1],"y":[1]},"o":{"x":[0],"y":[0]}},{"t":118,"s":[0],"e":[171.88733853924697],"i":{"x":[0.355],"y":[1]},"o":{"x":[0.215],"y":[0.61]}},{"t":151}]},"s":{"a":1,"k":[{"t":0,"s":[100,100],"e":[100,100],"i":{"x":[1,1],"y":[1,1]},"o":{"x":[0,0],"y":[0,0]}},{"t":70,"s":[100,100],"e":[100,100],"i":{"x":[0.8666666666666668,1],"y":[0.8666666666666668,1]},"o":{"x":[0,0],"y":[0,0]}},{"t":118,"s":[100,100],"e":[100,123.70727380764819],"i":{"x":[1,0.6721115567057927],"y":[1,0.6828794081018166]},"o":{"x":[0.6486486486486465,0.34331400250738653],"y":[0.6486486486486465,0.34906964157159903]}},{"t":122,"s":[100,123.70727380764819],"e":[161.4,171.9],"i":{"x":[0.355,0.3866208498524198],"y":[1,1]},"o":{"x":[0.215,0.1952730670485705],"y":[0.61,0.617874109263658]}},{"t":151}]}},"shapes":[{"ty":"gr","nm":"Star2 shape group","it":[{"ty":"sh","ks":{"a":0,"k":{"c":true,"v":[[53.3614381,109.306999],[47.9030323,112.210108],[46.5505646,111.796791],[46.4489981,111.1516],[47.5312213,105.084909],[43.1475921,100.806877],[43.1303523,99.3927681],[43.6950311,99.102668],[49.8209957,98.1669472],[52.5926547,92.6049323],[53.9336925,92.1559139],[54.3866757,92.6129787],[57.066371,98.113501],[63.1361156,98.9529799],[63.9896851,100.080552],[63.69781,100.65897],[59.2544847,104.998431],[60.2550295,111.095969],[59.4301509,112.244696],[58.8060425,112.144677]],"i":[[0,0],[0,0],[0.2593393000000006,0.4876079999999945],[-0.03931120000000021,0.22037000000000262],[0,0],[0,0],[-0.38573459999999926,0.3952558999999951],[-0.2147392000000039,0.0328007000000099],[0,0],[0,0],[-0.4943103000000022,-0.246324400000006],[-0.0965102999999985,-0.198103500000002],[0,0],[0,0],[0.07566369999999267,-0.5470770999999957],[0.15878470000000533,-0.15507399999999905],[0,0],[0,0],[0.5449963000000011,-0.08942799999999806],[0.19175100000000356,0.099938999999992]],"o":[[0,0],[-0.4876079000000004,0.2593389999999971],[-0.10511379999999804,-0.19763399999999365],[0,0],[0,0],[-0.3952558999999951,-0.38573499999999683],[0.15172090000000082,-0.15546580000000176],[0,0],[0,0],[0.246324400000006,-0.49431040000000337],[0.19722980000000234,0.09828339999999969],[0,0],[0,0],[0.5470771000000028,0.07566369999999267],[-0.030407000000003848,0.219853999999998],[0,0],[0,0],[0.08942850000000391,0.5449959999999976],[-0.2133784000000034,0.035013999999989665],[0,0]]}}},{"ty":"st","o":{"a":0,"k":0},"w":{"a":0,"k":0},"c":{"a":0,"k":[0,0,0,0]},"lc":3,"lj":1,"ml":1},{"ty":"fl","o":{"a":0,"k":100},"r":2,"c":{"a":0,"k":[0.996078431372549,0.792156862745098,0.07450980392156863,1]}},{"ty":"tr","o":{"a":0,"k":100},"a":{"a":0,"k":[0,0]},"s":{"a":0,"k":[100,-100]},"p":{"a":0,"k":[127.632,6.36]},"r":{"a":0,"k":240.01202038030183}}]}],"op":239},{"ty":4,"nm":"Star1","ip":0,"st":0,"ind":2,"hix":1,"ks":{"o":{"a":1,"k":[{"t":0,"s":[100],"e":[100],"i":{"x":[1],"y":[1]},"o":{"x":[0],"y":[0]}},{"t":147,"s":[100],"e":[0],"i":{"x":[0.675],"y":[0.19]},"o":{"x":[0.55],"y":[0.055]}},{"t":161}]},"or":{"a":0,"k":[0,0,0]},"a":{"a":0,"k":[9,9,0]},"p":{"s":true,"x":{"a":1,"k":[{"t":0,"s":[213],"e":[198],"i":{"x":[0.515],"y":[0.955]},"o":{"x":[0.455],"y":[0.03]}},{"t":130,"s":[198],"e":[149.46040263987527],"i":{"x":[0.355],"y":[1]},"o":{"x":[0.215],"y":[0.61]}},{"t":147,"s":[149.46040263987527],"e":[144.46],"i":{"x":[0.675],"y":[0.19]},"o":{"x":[0.55],"y":[0.055]}},{"t":161}]},"y":{"a":1,"k":[{"t":0,"s":[202],"e":[202],"i":{"x":[0.515],"y":[0.955]},"o":{"x":[0.455],"y":[0.03]}},{"t":130,"s":[202],"e":[89.97930675049895],"i":{"x":[0.355],"y":[1]},"o":{"x":[0.215],"y":[0.61]}},{"t":147,"s":[89.97930675049895],"e":[134.979],"i":{"x":[0.675],"y":[0.19]},"o":{"x":[0.55],"y":[0.055]}},{"t":161}]}},"rx":{"a":0,"k":0},"ry":{"a":0,"k":0},"rz":{"a":1,"k":[{"t":0,"s":[0],"e":[0],"i":{"x":[0.515],"y":[0.955]},"o":{"x":[0.455],"y":[0.03]}},{"t":130,"s":[0],"e":[118.02930579694959],"i":{"x":[0.355],"y":[1]},"o":{"x":[0.215],"y":[0.61]}},{"t":145}]},"s":{"a":1,"k":[{"t":0,"s":[100,100],"e":[100,100],"i":{"x":[0.515,0.515],"y":[0.955,0.955]},"o":{"x":[0.455,0.455],"y":[0.03,0.03]}},{"t":130,"s":[100,100],"e":[132.20000000000002,132.20000000000002],"i":{"x":[0.355,0.355],"y":[1,1]},"o":{"x":[0.215,0.215],"y":[0.61,0.61]}},{"t":147}]}},"shapes":[{"ty":"gr","nm":"Star1 shape group","it":[{"ty":"sh","ks":{"a":0,"k":{"c":true,"v":[[87.2130155,80.7404226],[82.8436487,83.0727719],[81.4905594,82.6614942],[81.3880534,82.0162709],[82.2529207,77.1307848],[78.7296953,73.6767828],[78.715665,72.2626388],[79.2786786,71.9741732],[84.1966982,71.222564],[86.4144578,66.7482255],[87.7545358,66.2963506],[88.210043,66.7556302],[90.3581136,71.1807206],[95.2268848,71.8600784],[96.079095,72.9886783],[95.7889648,73.5643567],[92.2223003,77.0630807],[93.0282461,81.9797268],[92.2031795,83.1283194],[91.5772841,83.0272556]],"i":[[0,0],[0,0],[0.260074000000003,0.4872164999999882],[-0.03903200000000595,0.22048510000000476],[0,0],[0,0],[-0.3866306999999978,0.39437939999999116],[-0.21394229999999936,0.03269629999999779],[0,0],[0,0],[-0.49483419999999967,-0.24527050000000372],[-0.09676050000000203,-0.19932959999999866],[0,0],[0,0],[0.07632290000000808,-0.5469855999999993],[0.15760679999999638,-0.15460450000000492],[0,0],[0,0],[0.5450108999999941,-0.08933919999999773],[0.19214750000000436,0.10068330000000003]],"o":[[0,0],[-0.4872165000000024,0.2600740999999971],[-0.10544209999999055,-0.1975326000000024],[0,0],[0,0],[-0.39437949999999944,-0.3866306999999978],[0.15151079999999695,-0.15454720000001032],[0,0],[0,0],[0.24527050000000372,-0.4948341000000056],[0.19852480000000128,0.09840119999999786],[0,0],[0,0],[0.5469856000000135,0.07632289999999387],[-0.030510299999988888,0.2186585999999977],[0,0],[0,0],[0.0893392999999918,0.5450109000000083],[-0.21407109999999818,0.03509090000000015],[0,0]]}}},{"ty":"st","o":{"a":0,"k":0},"w":{"a":0,"k":0},"c":{"a":0,"k":[0,0,0,0]},"lc":3,"lj":1,"ml":1},{"ty":"fl","o":{"a":0,"k":100},"r":2,"c":{"a":0,"k":[0.996078431372549,0.792156862745098,0.07450980392156863,1]}},{"ty":"tr","o":{"a":0,"k":100},"a":{"a":0,"k":[0,0]},"s":{"a":0,"k":[100,-100]},"p":{"a":0,"k":[123.107,-7.429]},"r":{"a":0,"k":213.0257082296401}}]}],"op":239},{"ty":4,"nm":"back","ip":0,"st":0,"ind":1,"hix":12,"ks":{"o":{"a":1,"k":[{"t":0,"s":[60],"e":[100],"i":{"x":[0.515],"y":[0.955]},"o":{"x":[0.455],"y":[0.03]}},{"t":53,"s":[100],"e":[60],"i":{"x":[0.515],"y":[0.955]},"o":{"x":[0.455],"y":[0.03]}},{"t":81,"s":[60],"e":[60],"i":{"x":[1],"y":[1]},"o":{"x":[0],"y":[0]}},{"t":207}]},"or":{"a":0,"k":[0,0,0]},"a":{"a":0,"k":[99,86,0]},"p":{"s":true,"x":{"a":1,"k":[{"t":0,"s":[205.50000231667758],"e":[205.50000231667758],"i":{"x":[1],"y":[1]},"o":{"x":[0],"y":[0]}},{"t":60,"s":[205.50000231667758],"e":[224.156],"i":{"x":[0.675],"y":[0.19]},"o":{"x":[0.55],"y":[0.055]}},{"t":81,"s":[224.156],"e":[224.156],"i":{"x":[1],"y":[1]},"o":{"x":[0],"y":[0]}},{"t":207}]},"y":{"a":1,"k":[{"t":0,"s":[164.65600201246738],"e":[164.65600201246738],"i":{"x":[1],"y":[1]},"o":{"x":[0],"y":[0]}},{"t":60,"s":[164.65600201246738],"e":[193.065],"i":{"x":[0.675],"y":[0.19]},"o":{"x":[0.55],"y":[0.055]}},{"t":81,"s":[193.065],"e":[193.065],"i":{"x":[1],"y":[1]},"o":{"x":[0],"y":[0]}},{"t":207}]}},"rx":{"a":0,"k":0},"ry":{"a":0,"k":0},"rz":{"a":0,"k":0},"s":{"a":1,"k":[{"t":0,"s":[151,151],"e":[151,151],"i":{"x":[1,1],"y":[1,1]},"o":{"x":[0,0],"y":[0,0]}},{"t":60,"s":[151,151],"e":[74.4,90.4],"i":{"x":[0.675,0.675],"y":[0.19,0.19]},"o":{"x":[0.55,0.55],"y":[0.055,0.055]}},{"t":81,"s":[74.4,90.4],"e":[74.4,90.4],"i":{"x":[1,1],"y":[1,1]},"o":{"x":[0,0],"y":[0,0]}},{"t":207}]}},"shapes":[{"ty":"gr","nm":"back shape group","it":[{"ty":"sh","ks":{"a":0,"k":{"c":true,"v":[[204.382648,52.4421941],[268.802702,133.968708],[105.582031,165.343029],[124.627111,48.2260302]],"i":[[-25.469239999999985,-16.7780682],[-7.2380170000000135,-37.93987589999999],[48.383785999999986,43.589009000000004],[-9.170160999999993,66.2934828]],"o":[[25.548583000000008,16.7780682],[18.32046299999996,96.03129200000001],[-79.1708249,-71.3250902],[4.372889000000001,-31.612748899999996]]}}},{"ty":"st","o":{"a":0,"k":0},"w":{"a":0,"k":0},"c":{"a":0,"k":[0,0,0,0]},"lc":3,"lj":1,"ml":1},{"ty":"fl","o":{"a":0,"k":20},"r":1,"c":{"a":0,"k":[0.5490196078431373,0.3333333333333333,0.9098039215686274,1]}},{"ty":"tr","o":{"a":0,"k":100},"a":{"a":0,"k":[0,0]},"s":{"a":0,"k":[100,100]},"p":{"a":0,"k":[-73,-31]},"r":{"a":0,"k":0}}]},{"ty":"gr","nm":"back shape group","it":[{"ty":"sh","ks":{"a":0,"k":{"c":true,"v":[[204.382648,52.4421941],[268.802702,133.968708],[105.582031,165.343029],[124.627111,48.2260302]],"i":[[-25.469239999999985,-16.7780682],[-7.2380170000000135,-37.93987589999999],[48.383785999999986,43.589009000000004],[-9.170160999999993,66.2934828]],"o":[[25.548583000000008,16.7780682],[18.32046299999996,96.03129200000001],[-79.1708249,-71.3250902],[4.372889000000001,-31.612748899999996]]}}},{"ty":"st","o":{"a":0,"k":0},"w":{"a":0,"k":0},"c":{"a":0,"k":[0,0,0,0]},"lc":3,"lj":1,"ml":1},{"ty":"fl","o":{"a":0,"k":0},"c":{"a":0,"k":[0,0,0,0]},"r":1},{"ty":"tr","o":{"a":0,"k":100},"a":{"a":0,"k":[0,0]},"s":{"a":0,"k":[100,100]},"p":{"a":0,"k":[0,0]},"r":{"a":0,"k":0}}]}],"op":239}],"op":239,"w":449,"h":309}